"county_fips","county_medicare_enrollment","county_medicaid_enrollment"
"01001",12262,9201
"01003",65613,35040
"01005",6264,6777
"01007",4827,4650
"01009",12426,11550
"01011",2346,3615
"01013",4989,4666
"01015",28250,26530
"01017",9106,9061
"01019",7721,4225
"01021",9943,8957
"01023",3812,3144
"01025",6452,6322
"01027",3715,3227
"01029",3651,2968
"01031",11826,9922
"01033",14588,10807
"01035",3553,3105
"01037",3177,2097
"01039",10302,7913
"01041",3619,2893
"01043",21309,15616
"01045",11616,11312
"01047",9912,13093
"01049",16125,17064
"01051",20165,12178
"01053",9020,7584
"01055",26762,21876
"01057",4471,4173
"01059",6821,7187
"01061",7228,6750
"01063",2293,2391
"01065",4282,4484
"01067",5261,3841
"01069",26135,24627
"01071",14042,11276
"01073",138955,131871
"01075",3878,3247
"01077",23592,14889
"01079",7700,6785
"01081",29586,23075
"01083",21844,13073
"01085",3070,3055
"01087",4694,5008
"01089",78940,50669
"01091",5334,4988
"01093",7247,7370
"01095",22303,21574
"01097",89978,93045
"01099",5304,5290
"01101",46065,52899
"01103",27844,23097
"01105",2518,3283
"01107",5017,4679
"01109",6958,7059
"01111",6363,4560
"01113",12165,15257
"01115",20935,15455
"01117",44302,20911
"01119",3199,3928
"01121",20509,19012
"01123",11701,9689
"01125",38308,38997
"01127",17148,13409
"01129",4462,3167
"01131",3250,4043
"01133",6402,5835
"01999",,
"02013",156,
"02016",240,
"02020",46109,
"02050",1757,
"02060",163,
"02063",1073,
"02066",731,
"02068",330,
"02070",586,
"02090",13624,
"02100",728,
"02105",615,
"02110",5980,
"02122",14650,
"02130",2808,
"02150",2052,
"02158",656,
"02164",183,
"02170",19349,
"02180",999,
"02185",588,
"02188",624,
"02195",918,
"02198",1220,
"02220",1729,
"02230",199,
"02240",1505,
"02275",625,
"02282",132,
"02290",1006,
"02999",,
"04001",15204,26445
"04003",37752,32720
"04005",24113,30516
"04007",18246,15022
"04009",6434,11028
"04011",1345,1277
"04012",6709,3270
"04013",801348,807531
"04015",77145,55863
"04017",28041,38363
"04019",261020,236117
"04021",105042,86629
"04023",11994,18706
"04025",94957,42721
"04027",45352,62591
"04999",,
"05001",4110,
"05003",5169,
"05005",15545,
"05007",51660,
"05009",10916,
"05011",2457,
"05013",1157,
"05015",7795,
"05017",2674,
"05019",4976,
"05021",3823,
"05023",8653,
"05025",1974,
"05027",5374,
"05029",5440,
"05031",20353,
"05033",14941,
"05035",9691,
"05037",3904,
"05039",1915,
"05041",2781,
"05043",3888,
"05045",23545,
"05047",4680,
"05049",3663,
"05051",31722,
"05053",4252,
"05055",9933,
"05057",4599,
"05059",8117,
"05061",3244,
"05063",8936,
"05065",4317,
"05067",3677,
"05069",15721,
"05071",6017,
"05073",1796,
"05075",4438,
"05077",1862,
"05079",2349,
"05081",3236,
"05083",6066,
"05085",15361,
"05087",4328,
"05089",5722,
"05091",9293,
"05093",8112,
"05095",1933,
"05097",2618,
"05099",2149,
"05101",2409,
"05103",6234,
"05105",2861,
"05107",4097,
"05109",2820,
"05111",5593,
"05113",5609,
"05115",14118,
"05117",2099,
"05119",84295,
"05121",4535,
"05123",5054,
"05125",28242,
"05127",2729,
"05129",2680,
"05131",28267,
"05133",3015,
"05135",6312,
"05137",4373,
"05139",9563,
"05141",5570,
"05143",40823,
"05145",18310,
"05147",1815,
"05149",4977,
"05999",,
"06001",273738,312359
"06003",284,392
"06005",12398,7817
"06007",48391,64439
"06009",14379,10361
"06011",4224,7443
"06013",224836,222625
"06015",6722,9350
"06017",51478,31734
"06019",159102,391561
"06021",5989,9288
"06023",31070,46034
"06025",36691,83165
"06027",4759,5002
"06029",133233,346440
"06031",19500,49846
"06033",17841,27216
"06035",5483,6352
"06037",1680860,2880649
"06039",27146,60639
"06041",64128,33119
"06043",5102,4620
"06045",24224,31849
"06047",41793,116932
"06049",2621,2297
"06051",2116,2130
"06053",73799,131961
"06055",32039,24433
"06057",31029,21919
"06059",591778,660456
"06061",100299,59160
"06063",6509,4898
"06065",442411,681593
"06067",290835,440394
"06069",10919,16698
"06071",343955,685359
"06073",611811,639009
"06075",158399,155597
"06077",126602,246657
"06079",73038,46324
"06081",141043,108047
"06083",85399,111224
"06085",306874,303897
"06087",59033,57315
"06089",49237,49407
"06091",892,476
"06093",14022,14250
"06095",91241,90763
"06097",120353,91433
"06099",95222,184039
"06101",18572,31949
"06103",14827,24045
"06105",3649,5816
"06107",69880,213887
"06109",16523,12257
"06111",174151,178438
"06113",36648,47084
"06115",14128,27875
"06999",,
"08001",70376,117441
"08003",3381,5515
"08005",106795,112150
"08007",4708,3072
"08009",953,1261
"08011",1165,1817
"08013",61410,39912
"08014",13721,6798
"08015",6109,3653
"08017",415,349
"08019",1864,943
"08021",2078,2900
"08023",1367,1470
"08025",906,1829
"08027",2101,902
"08029",10532,8569
"08031",96194,146164
"08033",606,442
"08035",63558,24092
"08037",7747,6740
"08039",5820,2869
"08041",127917,134777
"08043",13534,11964
"08045",10756,12314
"08047",1270,1070
"08049",3132,1736
"08051",2858,2557
"08053",245,168
"08055",2673,2103
"08057",352,332
"08059",122497,73579
"08061",361,346
"08063",1626,1635
"08065",1141,759
"08067",13298,9830
"08069",76161,50059
"08071",4579,4499
"08073",1068,905
"08075",4600,4963
"08077",41005,35926
"08079",314,106
"08081",2650,3300
"08083",7815,7937
"08085",13029,11409
"08087",5686,7254
"08089",4802,7293
"08091",1693,458
"08093",4403,2181
"08095",1084,1014
"08097",3340,1782
"08099",2612,4323
"08101",40677,54734
"08103",1474,1400
"08105",3486,3522
"08107",5060,3089
"08109",1667,1819
"08111",173,72
"08113",1306,682
"08115",748,529
"08117",4355,3481
"08119",7537,4859
"08121",1145,1299
"08123",57604,65305
"08125",1988,1714
"08999",,
"09110",207057,212778
"09120",56804,78081
"09130",45859,26715
"09140",99784,114379
"09150",22832,22386
"09160",30801,22889
"09170",121972,132825
"09180",65164,60590
"09190",116552,100020
"09999",,
"10001",43549,42542
"10003",115190,106885
"10005",94229,52494
"10999",,
"11001",97164,167022
"11999",,
"12001",53801,37004
"12003",5632,5285
"12005",43243,33223
"12007",6237,6326
"12009",180147,93309
"12011",371425,312313
"12013",3122,2975
"12015",80099,28846
"12017",66480,29795
"12019",51149,31590
"12021",121125,48904
"12023",18376,16017
"12027",7806,9566
"12029",4690,4552
"12031",191702,183672
"12033",76270,62513
"12035",47202,17241
"12037",3548,2280
"12039",11179,10868
"12041",4773,3027
"12043",2521,2609
"12045",4565,2703
"12047",3447,3593
"12049",4621,8422
"12051",7495,12805
"12053",63024,39762
"12055",37361,22621
"12057",271268,263215
"12059",4845,4033
"12061",62375,24637
"12063",12161,11035
"12065",4172,3177
"12067",1497,1744
"12069",126038,61099
"12071",222394,126185
"12073",52943,39656
"12075",13703,10314
"12077",1570,1625
"12079",5035,3876
"12081",122586,56326
"12083",134640,74323
"12085",52160,19913
"12086",514389,600482
"12087",18829,11070
"12089",29374,13730
"12091",46387,28423
"12093",9784,9048
"12095",222901,244792
"12097",74225,91888
"12099",365815,214094
"12101",150542,104398
"12103",261350,132837
"12105",181035,154551
"12107",21469,22410
"12109",77753,23278
"12111",98035,64635
"12113",43813,22975
"12115",164174,45785
"12117",89174,57938
"12119",87579,15268
"12121",12418,11585
"12123",5267,4859
"12125",2503,2833
"12127",170938,96194
"12129",7960,4550
"12131",19943,11490
"12133",6054,5790
"12999",,
"13001",4137,5114
"13003",1491,2736
"13005",2153,2722
"13007",687,796
"13009",9735,6961
"13011",4396,3215
"13013",16284,14857
"13015",21772,16761
"13017",4042,4628
"13019",4141,4757
"13021",34359,43177
"13023",2858,2744
"13025",3747,5077
"13027",3912,3726
"13029",7968,4885
"13031",12092,14542
"13033",5257,5857
"13035",5770,4991
"13037",1307,1072
"13039",11465,10064
"13043",2377,2536
"13045",25022,23635
"13047",13919,10441
"13049",2380,2848
"13051",56789,50540
"13053",678,730
"13055",6271,7960
"13057",55390,24840
"13059",19399,17982
"13061",780,713
"13063",38788,76334
"13065",1509,1997
"13067",120848,81517
"13069",7671,10110
"13071",8953,12404
"13073",29845,15343
"13075",3690,4569
"13077",29694,19288
"13079",2530,2932
"13081",4684,5947
"13083",3902,2239
"13085",7350,3373
"13087",6032,8957
"13089",118406,133618
"13091",4380,4290
"13093",2307,2317
"13095",18488,25746
"13097",23888,26076
"13099",2442,2648
"13101",458,694
"13103",11594,7785
"13105",5452,5118
"13107",5141,6861
"13109",2316,3219
"13111",9118,4569
"13113",28444,11277
"13115",21857,19294
"13117",35211,15369
"13119",6199,5036
"13121",161512,157505
"13123",9901,5940
"13125",726,926
"13127",21530,14688
"13129",12121,10576
"13131",5459,6591
"13133",7434,3269
"13135",127798,145979
"13137",11249,8646
"13139",40774,36459
"13141",2475,1801
"13143",6634,6027
"13145",8042,4293
"13147",6982,4040
"13149",2322,3234
"13151",42293,32818
"13153",29965,24054
"13155",1897,1939
"13157",18886,11947
"13159",3588,3245
"13161",2893,3800
"13163",4023,4884
"13165",1802,2343
"13167",2008,2411
"13169",5386,6119
"13171",4515,3571
"13173",1626,2209
"13175",11348,11058
"13177",5731,4907
"13179",9655,12078
"13181",2483,1466
"13183",2170,3235
"13185",21634,22645
"13187",7528,3517
"13189",5362,5973
"13191",3677,2349
"13193",2616,3491
"13195",7267,7396
"13197",1702,1447
"13199",5555,5185
"13201",1446,1314
"13205",4694,6378
"13207",6535,4176
"13209",1883,1461
"13211",5310,2963
"13213",8294,8136
"13215",39037,46377
"13217",21977,22872
"13219",8243,3704
"13221",3176,3314
"13223",25267,26123
"13225",7104,5559
"13227",10815,6393
"13229",4557,4446
"13231",4217,2234
"13233",9679,9729
"13235",2293,2824
"13237",6593,4555
"13239",856,412
"13241",5768,3195
"13243",1678,3086
"13245",39860,50826
"13247",17928,16784
"13249",889,875
"13251",3676,3630
"13253",2390,2428
"13255",16514,16889
"13257",7727,6412
"13259",1156,939
"13261",6521,7814
"13263",1809,1306
"13265",509,524
"13267",4424,4880
"13269",1947,2782
"13271",2548,3663
"13273",2334,2800
"13275",11445,10865
"13277",8523,9865
"13279",5993,9137
"13281",5822,2053
"13283",1386,2190
"13285",14610,14751
"13287",2035,3346
"13289",2239,1820
"13291",10629,3706
"13293",6681,6851
"13295",16730,13655
"13297",23233,15844
"13299",8488,9737
"13301",1514,1361
"13303",4738,5460
"13305",6363,6534
"13307",548,565
"13309",1136,1385
"13311",8348,5186
"13313",18875,19206
"13315",1859,1710
"13317",2909,1660
"13319",2548,2165
"13321",4369,5049
"13999",,
"15001",53123,53230
"15003",205982,164866
"15005",,12
"15007",17722,16122
"15009",35507,28573
"15999",,
"16001",103573,61644
"16003",1573,445
"16005",17647,19015
"16007",1631,1155
"16009",3197,1996
"16011",9325,10420
"16013",6217,3161
"16015",2507,1034
"16017",15505,9513
"16019",22271,26464
"16021",4085,3028
"16023",751,574
"16025",314,255
"16027",48132,50804
"16029",1512,992
"16031",4577,5405
"16033",141,159
"16035",3049,1358
"16037",1500,720
"16039",5511,4790
"16041",2738,2439
"16043",2865,2910
"16045",5725,3888
"16047",3464,2980
"16049",5565,2455
"16051",5180,6449
"16053",4163,6382
"16055",47413,28058
"16057",7538,4191
"16059",2963,1903
"16061",1805,833
"16063",971,1343
"16065",3969,10142
"16067",4473,5337
"16069",11031,7778
"16071",1145,739
"16073",2642,2936
"16075",6529,6399
"16077",1540,2361
"16079",4020,3728
"16081",2057,1830
"16083",19129,19248
"16085",3544,1437
"16087",3425,2107
"16999",,
"17001",15736,12244
"17003",1527,1795
"17005",3839,3548
"17007",10819,10570
"17009",1126,974
"17011",8699,6418
"17013",1260,851
"17015",4458,2443
"17017",2701,2971
"17019",32906,35258
"17021",8246,7363
"17023",3893,3040
"17025",3342,3762
"17027",8250,4691
"17029",10526,11738
"17031",878119,1097830
"17033",4588,3805
"17035",2577,1976
"17037",18691,18726
"17039",3849,2448
"17041",4311,2982
"17043",183216,104455
"17045",4457,4109
"17047",1551,1484
"17049",8332,6727
"17051",4565,5050
"17053",3298,3408
"17055",9815,11615
"17057",8410,7417
"17059",1351,1529
"17061",3095,3231
"17063",10059,6592
"17065",1972,1388
"17067",4930,3546
"17069",1022,960
"17071",1746,1170
"17073",12261,8621
"17075",7245,6158
"17077",11046,13134
"17079",2344,1666
"17081",8693,9539
"17083",5439,3247
"17085",6906,3416
"17087",3197,3182
"17089",92155,83547
"17091",23287,23940
"17093",18909,16191
"17095",12618,11210
"17097",133302,92792
"17099",26310,22000
"17101",3315,3460
"17103",8520,6074
"17105",8347,6713
"17107",6243,5248
"17109",6038,5502
"17111",65637,35639
"17113",30270,20455
"17115",24486,24154
"17117",11944,10388
"17119",59632,46907
"17121",9984,10713
"17123",3253,2101
"17125",3575,2765
"17127",3723,4017
"17129",3026,1936
"17131",4002,2437
"17133",8476,3254
"17135",7160,6201
"17137",8086,7074
"17139",3248,2469
"17141",11880,8446
"17143",37951,41059
"17145",4740,5317
"17147",4117,1836
"17149",3817,3510
"17151",1164,1070
"17153",1392,1902
"17155",1597,716
"17157",7382,5258
"17159",3830,3986
"17161",32698,29866
"17163",53553,57067
"17165",6190,7117
"17167",44879,39014
"17169",1756,1468
"17171",1165,1110
"17173",5336,4204
"17175",1374,1164
"17177",12178,10989
"17179",30909,22295
"17181",4484,4826
"17183",17829,21436
"17185",2845,2557
"17187",3967,3949
"17189",3404,1969
"17191",3901,3442
"17193",3670,3240
"17195",14610,10766
"17197",121737,95138
"17199",16029,14938
"17201",62931,72410
"17203",8311,4968
"17999",,
"18001",6724,4614
"18003",75212,73653
"18005",17144,13017
"18007",1993,2006
"18009",3137,3239
"18011",14007,6384
"18013",4155,2183
"18015",4496,2717
"18017",8374,7769
"18019",26710,20527
"18021",6681,5077
"18023",6955,6013
"18025",2955,3098
"18027",5821,5346
"18029",12296,7677
"18031",6219,3752
"18033",9719,7109
"18035",24658,27062
"18037",10335,5404
"18039",37313,40006
"18041",6428,6638
"18043",17872,13640
"18045",4433,3287
"18047",5301,3440
"18049",5056,4175
"18051",7777,5519
"18053",16290,17365
"18055",8002,7277
"18057",61687,24155
"18059",18814,8676
"18061",9906,6688
"18063",32732,16146
"18065",11777,11660
"18067",20609,17129
"18069",9360,6517
"18071",9757,7163
"18073",7985,5744
"18075",4683,5741
"18077",7901,6148
"18079",6371,5554
"18081",33006,22625
"18083",8421,7071
"18085",17610,12997
"18087",6231,4116
"18089",103994,111720
"18091",25418,23483
"18093",11651,8948
"18095",31062,32851
"18097",157409,241063
"18099",10382,7175
"18101",2595,1370
"18103",7912,7725
"18105",23460,19448
"18107",8956,7141
"18109",18072,11352
"18111",3307,2861
"18113",10161,7353
"18115",1625,1009
"18117",4949,5164
"18119",5569,4638
"18121",3872,2868
"18123",4615,3261
"18125",2968,2305
"18127",38493,23699
"18129",6120,2893
"18131",3288,2335
"18133",8416,4913
"18135",6127,5826
"18137",7318,4658
"18139",3962,3914
"18141",54258,54282
"18143",5948,7043
"18145",10339,8606
"18147",5131,3225
"18149",6006,6071
"18151",9094,5868
"18153",4726,4663
"18155",2215,2156
"18157",28113,25170
"18159",3818,2506
"18161",1832,961
"18163",40266,38103
"18165",3931,3342
"18167",23129,25259
"18169",8358,4921
"18171",1902,1579
"18173",14954,6749
"18175",6574,5931
"18177",16441,17280
"18179",6677,4004
"18181",6640,3653
"18183",8520,4754
"18999",,
"19001",1861,
"19003",1082,
"19005",3738,
"19007",3475,
"19009",1599,
"19011",6030,
"19013",28638,
"19015",6358,
"19017",5917,
"19019",4855,
"19021",3972,
"19023",3972,
"19025",2724,
"19027",5425,
"19029",3732,
"19031",4410,
"19033",12020,
"19035",3197,
"19037",3017,
"19039",2159,
"19041",4279,
"19043",5078,
"19045",11551,
"19047",3512,
"19049",15321,
"19051",1878,
"19053",1898,
"19055",4342,
"19057",10039,
"19059",5803,
"19061",22997,
"19063",2458,
"19065",5315,
"19067",4062,
"19069",2399,
"19071",1887,
"19073",2463,
"19075",3024,
"19077",3116,
"19079",3584,
"19081",2708,
"19083",4539,
"19085",3681,
"19087",4793,
"19089",2463,
"19091",2423,
"19093",1744,
"19095",4098,
"19097",5274,
"19099",8925,
"19101",4869,
"19103",25281,
"19105",4948,
"19107",2579,
"19109",4040,
"19111",8763,
"19113",47625,
"19115",2545,
"19117",2227,
"19119",2536,
"19121",3680,
"19123",4926,
"19125",7927,
"19127",8917,
"19129",3483,
"19131",2617,
"19133",2413,
"19135",1909,
"19137",2823,
"19139",9468,
"19141",3518,
"19143",1502,
"19145",4100,
"19147",2433,
"19149",5769,
"19151",1938,
"19153",90127,
"19155",21678,
"19157",4559,
"19159",1348,
"19161",2673,
"19163",37235,
"19165",3284,
"19167",6712,
"19169",15949,
"19171",4116,
"19173",1616,
"19175",3081,
"19177",1971,
"19179",7820,
"19181",11220,
"19183",5527,
"19185",1639,
"19187",8397,
"19189",2818,
"19191",5379,
"19193",20199,
"19195",1877,
"19197",3113,
"19999",,
"20001",3162,
"20003",2017,
"20005",3574,
"20007",1247,
"20009",6037,
"20011",3417,
"20013",2512,
"20015",13991,
"20017",679,
"20019",969,
"20021",4750,
"20023",797,
"20025",476,
"20027",2184,
"20029",2263,
"20031",2216,
"20033",503,
"20035",7838,
"20037",7856,
"20039",861,
"20041",4703,
"20043",1798,
"20045",21029,
"20047",751,
"20049",756,
"20051",6047,
"20053",1536,
"20055",5276,
"20057",4504,
"20059",6012,
"20061",4525,
"20063",708,
"20065",735,
"20067",1206,
"20069",1174,
"20071",301,
"20073",1841,
"20075",416,
"20077",1461,
"20079",8564,
"20081",635,
"20083",424,
"20085",3107,
"20087",4697,
"20089",901,
"20091",117595,
"20093",665,
"20095",2008,
"20097",602,
"20099",4962,
"20101",423,
"20103",15893,
"20105",874,
"20107",2614,
"20109",665,
"20111",6664,
"20113",7295,
"20115",3251,
"20117",2745,
"20119",866,
"20121",7564,
"20123",1647,
"20125",7809,
"20127",1502,
"20129",596,
"20131",2451,
"20133",3777,
"20135",828,
"20137",1187,
"20139",4353,
"20141",1021,
"20143",1454,
"20145",1495,
"20147",1473,
"20149",4776,
"20151",2204,
"20153",706,
"20155",14974,
"20157",1444,
"20159",2266,
"20161",9435,
"20163",1354,
"20165",943,
"20167",1908,
"20169",12513,
"20171",1043,
"20173",101698,
"20175",2591,
"20177",41853,
"20179",636,
"20181",1407,
"20183",1183,
"20185",1052,
"20187",364,
"20189",902,
"20191",5423,
"20193",1681,
"20195",845,
"20197",1765,
"20199",380,
"20201",1498,
"20203",455,
"20205",2348,
"20207",876,
"20209",25790,
"20999",,
"21001",4618,
"21003",4855,
"21005",5294,
"21007",2001,
"21009",10748,
"21011",3072,
"21013",6368,
"21015",25649,
"21017",4755,
"21019",11988,
"21021",7452,
"21023",2233,
"21025",3195,
"21027",5229,
"21029",17292,
"21031",2964,
"21033",3371,
"21035",8570,
"21037",19309,
"21039",1230,
"21041",2412,
"21043",7093,
"21045",3915,
"21047",11975,
"21049",8666,
"21051",4748,
"21053",2581,
"21055",2205,
"21057",1941,
"21059",23741,
"21061",2795,
"21063",1339,
"21065",3707,
"21067",55227,
"21069",3711,
"21071",9875,
"21073",14902,
"21075",1793,
"21077",1701,
"21079",4353,
"21081",5577,
"21083",8951,
"21085",7060,
"21087",2919,
"21089",9364,
"21091",2188,
"21093",23609,
"21095",7018,
"21097",4744,
"21099",4439,
"21101",10763,
"21103",4171,
"21105",1141,
"21107",11121,
"21109",3328,
"21111",161143,
"21113",11339,
"21115",6004,
"21117",32301,
"21119",3621,
"21121",7172,
"21123",3620,
"21125",14208,
"21127",4080,
"21129",1734,
"21131",2776,
"21133",5839,
"21135",3298,
"21137",6418,
"21139",2696,
"21141",6697,
"21143",2460,
"21145",17176,
"21147",3887,
"21149",2440,
"21151",19111,
"21153",3233,
"21155",4582,
"21157",9090,
"21159",2629,
"21161",4228,
"21163",5760,
"21165",1817,
"21167",5834,
"21169",2721,
"21171",2737,
"21173",6332,
"21175",3142,
"21177",7715,
"21179",11382,
"21181",1783,
"21183",5686,
"21185",11858,
"21187",2342,
"21189",1163,
"21191",3504,
"21193",6867,
"21195",15711,
"21197",3209,
"21199",18057,
"21201",586,
"21203",4122,
"21205",5070,
"21207",4896,
"21209",10311,
"21211",9954,
"21213",4466,
"21215",4240,
"21217",6491,
"21219",2559,
"21221",4153,
"21223",2067,
"21225",3279,
"21227",24239,
"21229",2972,
"21231",5221,
"21233",3228,
"21235",9898,
"21237",1959,
"21239",6712,
"21999",,
"22001",13075,
"22003",4748,
"22005",21522,
"22007",5106,
"22009",9198,
"22011",8032,
"22013",3526,
"22015",23564,
"22017",52706,
"22019",39761,
"22021",2353,
"22023",981,
"22025",2440,
"22027",3442,
"22029",4256,
"22031",6572,
"22033",83208,
"22035",1357,
"22037",4808,
"22039",7167,
"22041",4607,
"22043",4562,
"22045",15943,
"22047",6813,
"22049",3642,
"22051",93643,
"22053",6957,
"22055",47062,
"22057",20051,
"22059",3123,
"22061",8094,
"22063",25156,
"22065",2007,
"22067",6612,
"22069",8012,
"22071",68893,
"22073",30983,
"22075",4106,
"22077",5339,
"22079",29019,
"22081",1849,
"22083",4773,
"22085",5577,
"22087",7498,
"22089",10405,
"22091",2329,
"22093",4946,
"22095",8970,
"22097",19956,
"22099",11538,
"22101",11374,
"22103",61715,
"22105",27711,
"22107",1200,
"22109",22530,
"22111",5715,
"22113",12448,
"22115",8110,
"22117",10923,
"22119",9817,
"22121",5263,
"22123",2754,
"22125",2456,
"22127",2920,
"22999",,
"23001",26761,
"23003",21244,
"23005",76106,
"23007",8991,
"23009",17352,
"23011",34805,
"23013",13457,
"23015",12589,
"23017",18038,
"23019",40830,
"23021",5932,
"23023",11208,
"23025",15361,
"23027",12657,
"23029",10303,
"23031",59909,
"23999",,
"24001",17348,18746
"24003",107924,72972
"24005",172778,164433
"24009",19006,11449
"24011",7463,11109
"24013",37716,19291
"24015",21781,21343
"24017",28768,24730
"24019",8934,10986
"24021",52473,34355
"24023",7740,7326
"24025",55913,37709
"24027",57595,38285
"24029",6413,3770
"24031",194760,165539
"24033",152406,201974
"24035",12855,7651
"24037",19811,17680
"24039",5463,7526
"24041",12310,7698
"24043",33872,36089
"24045",21918,29092
"24047",17018,11161
"24510",103022,194775
"24999",,
"25001",86943,44188
"25003",38196,31963
"25005",133096,163566
"25007",5669,5253
"25009",178882,204719
"25011",21122,19373
"25013",109400,160553
"25015",39104,25711
"25017",303248,263872
"25019",2319,2656
"25021",149148,103818
"25023",129778,106761
"25025",113713,232481
"25027",179292,203923
"25999",,
"26001",4576,2589
"26003",2841,2150
"26005",26587,19930
"26007",9581,8480
"26009",8299,4748
"26011",5540,4374
"26013",2281,1815
"26015",14644,9533
"26017",28575,24101
"26019",6071,2934
"26021",40170,36866
"26023",10461,10386
"26025",31776,33224
"26027",13018,11799
"26029",8607,4183
"26031",8637,6668
"26033",8788,8913
"26035",10577,10370
"26037",17144,10540
"26039",4326,3596
"26041",11653,9295
"26043",7703,5074
"26045",26876,19458
"26047",10539,6209
"26049",96924,126970
"26051",8915,6719
"26053",4711,3808
"26055",26551,16780
"26057",9483,8900
"26059",11528,10466
"26061",8040,7887
"26063",10198,7216
"26065",53048,58397
"26067",13368,12683
"26069",9597,6724
"26071",4325,2843
"26073",12217,13629
"26075",38254,37687
"26077",54180,48020
"26079",5292,4963
"26081",124089,118931
"26083",833,321
"26085",4286,4483
"26087",22291,16695
"26089",8065,2794
"26091",25291,20097
"26093",44363,21184
"26095",1697,1244
"26097",3859,2323
"26099",196230,181899
"26101",8527,5820
"26103",16783,12482
"26105",9267,7556
"26107",10795,10181
"26109",6964,4359
"26111",20405,16048
"26113",4117,3917
"26115",38124,27416
"26117",16086,16941
"26119",4341,2466
"26121",42877,46784
"26123",12992,13242
"26125",274505,170235
"26127",7802,7606
"26129",7278,6577
"26131",2505,1326
"26133",6874,5957
"26135",3072,2365
"26137",7379,5209
"26139",62177,36346
"26141",5338,2969
"26143",10465,6366
"26145",48086,53584
"26147",41956,37140
"26149",14109,14687
"26151",11539,10497
"26153",3010,2207
"26155",17345,14766
"26157",14615,13266
"26159",19677,18945
"26161",67810,51218
"26163",349465,609219
"26165",9421,9928
"26999",,
"27001",6157,3849
"27003",68502,61103
"27005",9621,8705
"27007",10305,13314
"27009",8678,9305
"27011",1562,1079
"27013",13143,12655
"27015",7034,3543
"27017",8861,7493
"27019",19398,10222
"27021",9763,7977
"27023",2929,2545
"27025",13146,7768
"27027",11411,12975
"27029",2264,1844
"27031",1881,955
"27033",3081,2021
"27035",20384,15365
"27037",85218,60484
"27039",4083,3004
"27041",11886,5618
"27043",3910,2764
"27045",5606,4062
"27047",8171,7051
"27049",12211,7842
"27051",1703,1685
"27053",225642,215961
"27055",5243,2838
"27057",6629,5114
"27059",9054,7577
"27061",13833,10377
"27063",2479,1582
"27065",4158,4065
"27067",10743,10010
"27069",1229,636
"27071",3903,2440
"27073",1909,1329
"27075",3390,1900
"27077",1262,961
"27079",6297,4312
"27081",1573,901
"27083",5430,5253
"27085",8835,6663
"27087",1136,2236
"27089",2345,1501
"27091",5655,4553
"27093",5736,4241
"27095",7170,7326
"27097",9006,7713
"27099",8820,8933
"27101",2389,1536
"27103",6854,5612
"27105",4116,4945
"27107",1679,1327
"27109",31846,22304
"27111",17870,11737
"27113",3128,2237
"27115",8268,6256
"27117",2316,2371
"27119",7082,6793
"27121",3311,1876
"27123",99657,131592
"27125",996,685
"27127",3811,3019
"27129",3743,3148
"27131",13445,12900
"27133",2364,1817
"27135",3696,2302
"27137",51147,38959
"27139",24084,20959
"27141",17152,12443
"27143",3338,2493
"27145",32178,28621
"27147",8674,6955
"27149",1972,1679
"27151",2470,2319
"27153",6025,5644
"27155",1028,763
"27157",6494,3021
"27159",4153,4883
"27161",4435,3914
"27163",56881,27130
"27165",2445,2047
"27167",1600,1326
"27169",11215,7469
"27171",25657,16387
"27173",2566,2168
"27999",,
"28001",7647,
"28003",8900,
"28005",3332,
"28007",4428,
"28009",1940,
"28011",7336,
"28013",3614,
"28015",2611,
"28017",4402,
"28019",2087,
"28021",1961,
"28023",4358,
"28025",4758,
"28027",5011,
"28029",6670,
"28031",4670,
"28033",32585,
"28035",16181,
"28037",2039,
"28039",5695,
"28041",2408,
"28043",5598,
"28045",11664,
"28047",46583,
"28049",45271,
"28051",4262,
"28053",1951,
"28055",240,
"28057",5786,
"28059",30980,
"28061",4281,
"28063",1785,
"28065",2922,
"28067",15170,
"28069",2201,
"28071",9396,
"28073",10152,
"28075",15934,
"28077",3436,
"28079",4759,
"28081",19025,
"28083",6013,
"28085",7756,
"28087",12652,
"28089",22624,
"28091",5992,
"28093",8998,
"28095",8766,
"28097",2825,
"28099",6212,
"28101",4596,
"28103",2624,
"28105",7640,
"28107",8140,
"28109",14170,
"28111",2868,
"28113",9303,
"28115",6588,
"28117",5492,
"28119",1570,
"28121",30679,
"28123",5770,
"28125",1094,
"28127",6395,
"28129",3340,
"28131",4597,
"28133",5099,
"28135",2813,
"28137",6192,
"28139",5352,
"28141",5243,
"28143",1993,
"28145",6427,
"28147",3354,
"28149",10385,
"28151",10618,
"28153",4406,
"28155",2752,
"28157",2006,
"28159",4559,
"28161",4074,
"28163",5117,
"28999",,
"29001",5061,3449
"29003",3903,2323
"29005",1444,871
"29007",5804,3858
"29009",9339,7041
"29011",2981,2701
"29013",4128,3221
"29015",7513,4043
"29017",2865,2106
"29019",31939,20327
"29021",18813,15639
"29023",10864,11752
"29025",2241,1456
"29027",10079,5725
"29029",14277,5362
"29031",17835,10979
"29033",2441,1451
"29035",1588,1254
"29037",23934,11768
"29039",4128,3652
"29041",2050,1158
"29043",19859,12083
"29045",1552,1170
"29047",48099,25508
"29049",5213,2767
"29051",17106,8352
"29053",4112,2100
"29055",5997,4322
"29057",2259,1599
"29059",4713,3660
"29061",1894,1514
"29063",2155,1317
"29065",4175,3252
"29067",2805,3036
"29069",6822,8046
"29071",27150,12799
"29073",4413,2362
"29075",1547,1369
"29077",64287,41304
"29079",2513,1697
"29081",2284,2094
"29083",6593,4729
"29085",2969,1646
"29087",1208,756
"29089",2363,1731
"29091",11209,9925
"29093",2998,1784
"29095",135024,104986
"29097",26880,25418
"29099",48967,26040
"29101",9472,5573
"29103",961,604
"29105",9017,7869
"29107",7996,4824
"29109",8833,7865
"29111",2345,1856
"29113",12502,7667
"29115",3240,2019
"29117",3577,2286
"29119",4645,6082
"29121",4149,2746
"29123",3373,2370
"29125",1998,1404
"29127",7043,5279
"29129",823,637
"29131",5772,4434
"29133",2877,3952
"29135",3115,1808
"29137",2404,1291
"29139",3252,1940
"29141",6172,4475
"29143",3857,4383
"29145",12492,10977
"29147",4367,2362
"29149",2663,2282
"29151",2963,1125
"29153",3028,1950
"29155",3532,5865
"29157",4662,2668
"29159",9226,8199
"29161",9809,7557
"29163",4181,3005
"29165",20304,7855
"29167",7812,5631
"29169",7628,7054
"29171",1294,791
"29173",2660,1466
"29175",5651,5175
"29177",5167,2930
"29179",1639,1505
"29181",3435,2750
"29183",85348,25190
"29185",2741,1792
"29186",4703,2259
"29187",16377,12319
"29189",225734,115764
"29195",5022,3907
"29197",1027,869
"29199",983,583
"29201",9595,8016
"29203",2024,1287
"29205",1694,1176
"29207",7674,7737
"29209",10916,5332
"29211",1556,1100
"29213",16074,10245
"29215",6682,5219
"29217",4705,3832
"29219",8836,4828
"29221",5623,5920
"29223",3547,3430
"29225",8870,8244
"29227",564,427
"29229",5337,5060
"29510",48192,63770
"29999",,
"30001",2672,
"30003",2055,
"30005",1237,
"30007",1889,
"30009",3516,
"30011",357,
"30013",19400,
"30015",1475,
"30017",2898,
"30019",470,
"30021",2208,
"30023",3049,
"30025",641,
"30027",3449,
"30029",28493,
"30031",19769,
"30033",311,
"30035",2262,
"30037",302,
"30039",1001,
"30041",3345,
"30043",3860,
"30045",683,
"30047",8920,
"30049",18239,
"30051",506,
"30053",8255,
"30055",474,
"30057",2834,
"30059",638,
"30061",1764,
"30063",25908,
"30065",1695,
"30067",4765,
"30069",118,
"30071",1119,
"30073",1543,
"30075",450,
"30077",1817,
"30079",430,
"30081",15402,
"30083",2288,
"30085",1777,
"30087",1921,
"30089",4986,
"30091",995,
"30093",8730,
"30095",2831,
"30097",1120,
"30099",1726,
"30101",1065,
"30103",243,
"30105",1914,
"30107",645,
"30109",241,
"30111",37085,
"30999",,
"31001",7168,
"31003",1627,
"31005",95,
"31007",117,
"31009",127,
"31011",1458,
"31013",2738,
"31015",651,
"31017",853,
"31019",9688,
"31021",1996,
"31023",1985,
"31025",6085,
"31027",2154,
"31029",945,
"31031",1391,
"31033",2491,
"31035",1640,
"31037",1834,
"31039",2152,
"31041",2784,
"31043",3567,
"31045",1849,
"31047",4628,
"31049",575,
"31051",1364,
"31053",8543,
"31055",100441,
"31057",502,
"31059",1533,
"31061",823,
"31063",630,
"31065",1430,
"31067",5737,
"31069",635,
"31071",518,
"31073",589,
"31075",173,
"31077",634,
"31079",11550,
"31081",2263,
"31083",907,
"31085",193,
"31087",808,
"31089",2739,
"31091",240,
"31093",1630,
"31095",2014,
"31097",1050,
"31099",1532,
"31101",2343,
"31103",224,
"31105",1077,
"31107",2414,
"31109",59274,
"31111",8274,
"31113",193,
"31115",185,
"31117",107,
"31119",7806,
"31121",1921,
"31123",1199,
"31125",930,
"31127",1622,
"31129",1377,
"31131",3804,
"31133",781,
"31135",703,
"31137",2229,
"31139",1653,
"31141",7190,
"31143",1315,
"31145",2673,
"31147",2274,
"31149",404,
"31151",2862,
"31153",32368,
"31155",5032,
"31157",8742,
"31159",3804,
"31161",1434,
"31163",858,
"31165",268,
"31167",1101,
"31169",1482,
"31171",211,
"31173",1082,
"31175",1148,
"31177",4763,
"31179",1600,
"31181",926,
"31183",214,
"31185",3366,
"31999",,
"32001",6262,4798
"32003",418904,459011
"32005",18481,6013
"32007",8081,6826
"32009",262,126
"32011",368,277
"32013",3425,2608
"32015",1055,1024
"32017",1138,591
"32019",16347,10637
"32021",1388,1042
"32023",18310,13060
"32027",1136,976
"32029",1107,720
"32031",103804,70725
"32033",1988,991
"32510",15497,8806
"32999",,
"33001",21114,
"33003",19029,
"33005",21535,
"33007",10901,
"33009",25085,
"33011",92621,
"33013",39814,
"33015",81562,
"33017",29818,
"33019",12492,
"33999",,
"34001",65752,62620
"34003",191031,113185
"34005",101505,57631
"34007",105158,117113
"34009",31097,15156
"34011",30578,43175
"34013",127741,206868
"34015",63944,45011
"34017",87639,165706
"34019",31553,9764
"34021",71808,67289
"34023",154665,124065
"34025",145408,70596
"34027",104528,42371
"34029",167670,141867
"34031",91852,137973
"34033",15043,14289
"34035",65032,31507
"34037",33964,15655
"34039",95739,106080
"34041",26288,14791
"34999",,
"35001",141191,
"35003",1634,
"35005",12263,
"35006",5147,
"35007",3889,
"35009",7884,
"35011",546,
"35013",48448,
"35015",10023,
"35017",9203,
"35019",1062,
"35021",219,
"35023",1124,
"35025",9738,
"35027",6504,
"35028",3746,
"35029",6761,
"35031",12394,
"35033",1552,
"35035",14458,
"35037",2531,
"35039",9800,
"35041",3259,
"35043",36927,
"35045",24612,
"35047",7406,
"35049",46129,
"35051",4687,
"35053",4037,
"35055",10615,
"35057",3879,
"35059",963,
"35061",17833,
"35999",,
"36001",66109,62070
"36003",11262,12352
"36005",229828,709122
"36007",46380,54053
"36009",19556,23171
"36011",18459,18258
"36013",32791,37897
"36015",20757,22437
"36017",13031,13802
"36019",20343,17565
"36021",17466,13799
"36023",10178,10525
"36025",12432,12663
"36027",67711,49249
"36029",215696,234686
"36031",10432,7912
"36033",12485,12894
"36035",14146,16183
"36037",14607,12958
"36039",12774,10652
"36041",1782,1199
"36043",15643,15542
"36045",22415,26726
"36047",407755,997043
"36049",6646,7703
"36051",15543,11543
"36053",16479,14505
"36055",173591,179064
"36057",12714,15547
"36059",298744,197429
"36061",297725,377503
"36063",54525,54995
"36065",55307,64629
"36067",103716,110072
"36069",29686,21797
"36071",71549,104915
"36073",9997,10097
"36075",28138,33198
"36077",15473,12838
"36079",22023,13623
"36081",414581,721423
"36083",35263,33324
"36085",98247,108903
"36087",59610,108616
"36089",25120,27818
"36091",57458,34051
"36093",35271,37386
"36095",8253,6557
"36097",5071,4804
"36099",8295,7846
"36101",23801,25153
"36103",328557,230913
"36105",18174,22924
"36107",12501,12281
"36109",18871,17767
"36111",44897,41063
"36113",19757,13620
"36115",16122,15110
"36117",24295,20450
"36119",195597,176028
"36121",9761,8651
"36123",6418,5047
"36999",,
"37001",38323,32637
"37003",8838,7753
"37005",3800,2237
"37007",5733,6400
"37009",8644,4884
"37011",5151,2639
"37013",14687,10696
"37015",5563,3930
"37017",8182,8739
"37019",65942,20004
"37021",66850,41784
"37023",22297,18075
"37025",39561,35643
"37027",20833,17102
"37029",2304,1170
"37031",21571,9810
"37033",5596,4693
"37035",39353,29833
"37037",20928,9630
"37039",11015,5710
"37041",4429,3219
"37043",4734,1835
"37045",25119,25940
"37047",13721,13658
"37049",28064,18690
"37051",60632,74595
"37053",7056,3688
"37055",11059,3220
"37057",38984,31024
"37059",11916,6799
"37061",11396,12444
"37063",55281,47145
"37065",13280,14388
"37067",84257,75405
"37069",16044,13730
"37071",49019,45277
"37073",2805,1988
"37075",2324,1880
"37077",12930,11591
"37079",3993,4822
"37081",110462,101516
"37083",14168,15107
"37085",23468,26260
"37087",19423,11214
"37089",37218,17723
"37091",5730,5978
"37093",8176,11210
"37095",1304,1218
"37097",40978,28813
"37099",9362,6963
"37101",39828,38733
"37103",3005,2245
"37105",15128,13171
"37107",15284,17351
"37109",22831,13750
"37111",12481,9940
"37113",12838,6388
"37115",6370,3817
"37117",6709,5817
"37119",164635,162001
"37121",4671,2681
"37123",6558,6437
"37125",29459,13110
"37127",24207,19949
"37129",54147,29228
"37131",5682,3674
"37133",32427,32936
"37135",28715,13437
"37137",4477,2196
"37139",9726,7784
"37141",15274,11165
"37143",4410,2821
"37145",10461,8288
"37147",34788,29727
"37149",7237,3182
"37151",31995,31233
"37153",10695,13541
"37155",27000,38939
"37157",24987,22603
"37159",33243,34260
"37161",17541,15113
"37163",13522,15834
"37165",8372,10420
"37167",15915,12498
"37169",12418,9076
"37171",19497,14330
"37173",4103,3493
"37175",10935,5100
"37177",884,619
"37179",41758,29336
"37181",10996,13561
"37183",186558,123433
"37185",5134,4988
"37187",3574,3168
"37189",9985,5926
"37191",25950,28868
"37193",18347,15504
"37195",19121,19469
"37197",9626,7145
"37199",5810,4079
"37999",,
"38001",700,
"38003",2863,
"38005",1182,
"38007",190,
"38009",1824,
"38011",846,
"38013",521,
"38015",20870,
"38017",30512,
"38019",1055,
"38021",1191,
"38023",536,
"38025",794,
"38027",659,
"38029",976,
"38031",842,
"38033",458,
"38035",12341,
"38037",716,
"38039",687,
"38041",670,
"38043",660,
"38045",1197,
"38047",540,
"38049",1423,
"38051",885,
"38053",1369,
"38055",2772,
"38057",2190,
"38059",6952,
"38061",1580,
"38063",1053,
"38065",424,
"38067",1937,
"38069",1062,
"38071",2829,
"38073",1365,
"38075",571,
"38077",3815,
"38079",2371,
"38081",1022,
"38083",406,
"38085",451,
"38087",163,
"38089",5676,
"38091",482,
"38093",5196,
"38095",591,
"38097",1866,
"38099",2672,
"38101",11505,
"38103",1227,
"38105",4650,
"38999",,
"39001",7253,9156
"39003",23541,23148
"39005",12624,10237
"39007",25117,24691
"39009",11452,12056
"39011",11178,4970
"39013",16885,13846
"39015",10415,11187
"39017",75009,69313
"39019",6703,4874
"39021",9138,6352
"39023",31863,35397
"39025",47896,32071
"39027",10083,9846
"39029",26744,22075
"39031",8653,9967
"39033",11240,10719
"39035",275336,317917
"39037",12387,10141
"39039",9573,5721
"39041",41562,14660
"39043",21406,14187
"39045",32343,26964
"39047",6501,7646
"39049",205689,275464
"39051",10515,6449
"39053",7364,7686
"39055",23633,8345
"39057",36541,26019
"39059",9654,10245
"39061",161716,166603
"39063",16469,12717
"39065",6478,5294
"39067",3979,3344
"39069",6731,4232
"39071",10257,11001
"39073",6769,7840
"39075",5392,3723
"39077",14679,12018
"39079",7705,8566
"39081",17158,15310
"39083",14764,12392
"39085",60124,31574
"39087",14465,17894
"39089",38365,32886
"39091",11346,9423
"39093",76291,60141
"39095",92150,111671
"39097",9746,7301
"39099",60195,59991
"39101",14995,18018
"39103",43812,19571
"39105",5667,7252
"39107",9695,4746
"39109",25990,18257
"39111",3711,3027
"39113",118121,122525
"39115",3489,3874
"39117",7631,6881
"39119",21946,22767
"39121",2668,2873
"39123",13001,4970
"39125",4401,3577
"39127",8807,8854
"39129",12046,10561
"39131",6192,9508
"39133",37217,27599
"39135",10161,7428
"39137",7990,3256
"39139",30317,27634
"39141",17250,18362
"39143",14463,12485
"39145",17048,24956
"39147",13835,11292
"39149",10282,6924
"39151",94698,79722
"39153",124086,110917
"39155",53171,52548
"39157",22447,18493
"39159",10477,5225
"39161",6611,4747
"39163",2865,4144
"39165",46502,19916
"39167",16333,13551
"39169",26081,17143
"39171",9366,7909
"39173",27276,17398
"39175",5616,3384
"39999",,
"40001",4481,
"40003",1171,
"40005",3080,
"40007",1017,
"40009",4343,
"40011",2100,
"40013",10376,
"40015",6402,
"40017",28314,
"40019",11477,
"40021",10270,
"40023",3896,
"40025",542,
"40027",52396,
"40029",1224,
"40031",21645,
"40033",1339,
"40035",3832,
"40037",17109,
"40039",5077,
"40041",11620,
"40043",1164,
"40045",963,
"40047",12824,
"40049",6551,
"40051",11465,
"40053",1030,
"40055",1243,
"40057",612,
"40059",859,
"40061",3091,
"40063",3053,
"40065",4719,
"40067",1528,
"40069",2651,
"40071",10747,
"40073",3235,
"40075",2277,
"40077",2607,
"40079",11790,
"40081",8096,
"40083",9835,
"40085",2413,
"40087",10031,
"40089",7374,
"40091",5926,
"40093",1719,
"40095",4299,
"40097",9960,
"40099",3411,
"40101",16248,
"40103",2619,
"40105",2461,
"40107",2665,
"40109",145747,
"40111",9277,
"40113",9192,
"40115",8146,
"40117",3956,
"40119",13850,
"40121",10666,
"40123",8412,
"40125",16717,
"40127",3074,
"40129",829,
"40131",20515,
"40133",5504,
"40135",10466,
"40137",11199,
"40139",2703,
"40141",1640,
"40143",128268,
"40145",17712,
"40147",12892,
"40149",2493,
"40151",1756,
"40153",3901,
"40999",,
"41001",5467,
"41003",19532,
"41005",97568,
"41007",11721,
"41009",13632,
"41011",21910,
"41013",8208,
"41015",9949,
"41017",52288,
"41019",36282,
"41021",642,
"41023",2378,
"41025",2189,
"41027",5135,
"41029",61333,
"41031",6457,
"41033",28618,
"41035",18850,
"41037",2425,
"41039",96907,
"41041",18365,
"41043",32723,
"41045",6532,
"41047",71396,
"41049",2385,
"41051",137010,
"41053",20407,
"41055",564,
"41057",8866,
"41059",15950,
"41061",6887,
"41063",2640,
"41065",6677,
"41067",104543,
"41069",513,
"41071",24556,
"41999",,
"42001",28248,15396
"42003",281577,212035
"42005",18241,14059
"42007",45173,32832
"42009",13927,10152
"42011",93420,91621
"42013",32988,29456
"42015",15981,11657
"42017",156669,81241
"42019",50473,26286
"42021",38337,32404
"42023",1517,1452
"42025",17941,14590
"42027",27867,18936
"42029",112231,56508
"42031",9823,7473
"42033",20852,20627
"42035",9239,7603
"42037",16409,11982
"42039",22797,19456
"42041",61497,34381
"42043",62462,60376
"42045",121020,108605
"42047",8828,6944
"42049",65594,69905
"42051",36466,34477
"42053",1920,1443
"42055",38304,27675
"42057",3980,3253
"42059",8964,8265
"42061",11455,9252
"42063",21070,16800
"42065",12072,11082
"42067",5751,4310
"42069",55137,48283
"42071",124962,87899
"42073",24192,21914
"42075",35344,26769
"42077",80847,83293
"42079",77365,80998
"42081",29443,23783
"42083",10588,9242
"42085",30341,25528
"42087",11811,10299
"42089",39103,34033
"42091",188531,96700
"42093",4773,2553
"42095",78756,52465
"42097",24185,19723
"42099",11710,7419
"42101",265353,547436
"42103",16965,11245
"42105",4942,4142
"42107",37244,29503
"42109",9178,6799
"42111",20840,14308
"42113",2150,1108
"42115",11294,8287
"42117",11333,9453
"42119",9085,5171
"42121",15050,12983
"42123",11019,8279
"42125",55703,36642
"42127",14867,10331
"42129",101533,64149
"42131",7437,5474
"42133",105604,80827
"42999",,
"44001",13035,
"44003",44376,
"44005",22543,
"44007",131512,
"44009",36986,
"44999",,
"45001",6393,
"45003",44477,
"45005",2140,
"45007",48814,
"45009",3471,
"45011",5264,
"45013",62444,
"45015",48138,
"45017",3715,
"45019",84901,
"45021",12901,
"45023",8267,
"45025",10349,
"45027",9634,
"45029",10421,
"45031",16236,
"45033",6877,
"45035",33244,
"45037",7031,
"45039",6303,
"45041",32470,
"45043",21982,
"45045",118730,
"45047",17633,
"45049",5079,
"45051",134064,
"45053",9772,
"45055",17933,
"45057",27058,
"45059",16645,
"45061",4103,
"45063",66811,
"45065",4807,
"45067",8132,
"45069",6496,
"45071",10479,
"45073",24770,
"45075",22107,
"45077",30582,
"45079",76480,
"45081",3460,
"45083",74781,
"45085",24441,
"45087",7555,
"45089",8649,
"45091",56859,
"45999",,
"46003",656,
"46005",3985,
"46007",511,
"46009",1678,
"46011",5946,
"46013",8470,
"46015",1256,
"46017",206,
"46019",2771,
"46021",441,
"46023",1932,
"46025",880,
"46027",2253,
"46029",6653,
"46031",577,
"46033",3555,
"46035",4804,
"46037",1639,
"46039",1045,
"46041",896,
"46043",816,
"46045",939,
"46047",2947,
"46049",588,
"46051",2129,
"46053",1218,
"46055",588,
"46057",1232,
"46059",898,
"46061",1057,
"46063",309,
"46065",3766,
"46067",1905,
"46069",360,
"46071",478,
"46073",590,
"46075",250,
"46077",1544,
"46079",2818,
"46081",8290,
"46083",12156,
"46085",730,
"46087",1376,
"46089",710,
"46091",1176,
"46093",6488,
"46095",364,
"46097",631,
"46099",40327,
"46101",1427,
"46102",1402,
"46103",29973,
"46105",863,
"46107",684,
"46109",2200,
"46111",597,
"46115",1664,
"46117",793,
"46119",339,
"46121",980,
"46123",1383,
"46125",2077,
"46127",3825,
"46129",1512,
"46135",5868,
"46137",189,
"46999",,
"47001",19298,17106
"47003",10255,11544
"47005",4936,3810
"47007",3515,3965
"47009",34730,22015
"47011",24883,22129
"47013",10397,11761
"47015",3624,2367
"47017",7701,6468
"47019",14916,12608
"47021",9221,6061
"47023",3864,4008
"47025",9124,8466
"47027",2109,2394
"47029",11277,10613
"47031",14229,13534
"47033",3392,3660
"47035",24531,13633
"47037",105164,119831
"47039",3528,2673
"47041",5127,6035
"47043",12452,9035
"47045",8284,9350
"47047",11166,6793
"47049",6215,6267
"47051",11075,7835
"47053",12429,12236
"47055",7742,6538
"47057",7063,5282
"47059",20701,15745
"47061",4176,3094
"47063",15756,16706
"47065",82012,60270
"47067",1796,2393
"47069",6203,6562
"47071",7654,7960
"47073",17029,13244
"47075",4321,5612
"47077",6869,7194
"47079",9594,7982
"47081",5748,5396
"47083",2270,2088
"47085",4832,4209
"47087",3185,3153
"47089",15341,10770
"47091",5617,4593
"47093",98526,72997
"47095",1400,1767
"47097",5570,6989
"47099",11011,10285
"47101",3184,3997
"47103",9222,6295
"47105",20918,9492
"47107",14291,12658
"47109",7257,5936
"47111",5210,6083
"47113",22682,24429
"47115",7136,6603
"47117",7692,6796
"47119",25248,17383
"47121",4176,2894
"47123",13864,11958
"47125",32494,37404
"47127",1497,1171
"47129",4812,4974
"47131",7884,7050
"47133",6007,5613
"47135",2321,2598
"47137",1553,1328
"47139",5174,3328
"47141",19397,16183
"47143",8887,8210
"47145",15622,11655
"47147",15695,12581
"47149",51953,51337
"47151",5334,7291
"47153",5642,4175
"47155",25032,20200
"47157",166056,207448
"47159",4486,5116
"47161",3652,2767
"47163",45168,35145
"47165",40801,29403
"47167",12724,11881
"47169",1948,1982
"47171",5487,4255
"47173",4798,5084
"47175",1729,1394
"47177",10477,10603
"47179",34320,23008
"47181",3834,3374
"47183",7420,7267
"47185",7981,6689
"47187",45327,15932
"47189",31444,19630
"47999",,
"48001",11624,9249
"48003",2456,2435
"48005",18905,19582
"48007",8417,4044
"48009",2024,1099
"48011",519,178
"48013",9974,9445
"48015",7999,4599
"48017",1131,1349
"48019",8147,2926
"48021",19098,13044
"48023",940,426
"48025",5232,4836
"48027",63196,62064
"48029",335213,366566
"48031",4413,860
"48033",104,65
"48035",5718,3340
"48037",20395,16291
"48039",63218,42508
"48041",29872,28675
"48043",2361,962
"48045",424,319
"48047",1547,1438
"48049",9865,7087
"48051",5261,2707
"48053",14528,6382
"48055",8691,7492
"48057",4654,3608
"48059",3683,2606
"48061",72175,117182
"48063",3151,3106
"48065",1283,445
"48067",8644,5632
"48069",1242,1751
"48071",7805,5881
"48073",11042,9965
"48075",1311,685
"48077",2579,1253
"48079",535,755
"48081",1030,686
"48083",2651,1551
"48085",155450,70006
"48087",673,521
"48089",5931,2924
"48091",46656,15098
"48093",3698,2057
"48095",774,456
"48097",9511,6046
"48099",12261,10215
"48101",409,457
"48103",668,530
"48105",764,167
"48107",1284,1191
"48109",511,866
"48111",1041,1333
"48113",360658,462290
"48115",2203,2301
"48117",2783,4382
"48119",1396,939
"48121",131761,66281
"48123",4676,2876
"48125",584,288
"48127",1907,3188
"48129",976,296
"48131",2418,3094
"48133",5055,3263
"48135",21762,23383
"48137",636,235
"48139",37036,22404
"48141",150915,190250
"48143",7688,5224
"48145",3772,2977
"48147",8300,5687
"48149",7940,2371
"48151",937,569
"48153",1225,1180
"48155",364,241
"48157",131451,88475
"48159",2689,1550
"48161",4871,4362
"48163",2970,3519
"48165",2233,4281
"48167",69004,43209
"48169",889,563
"48171",9758,3098
"48173",197,79
"48175",1888,930
"48177",4652,3438
"48179",4151,3564
"48181",33160,21178
"48183",28583,24557
"48185",7354,4097
"48187",33173,23439
"48189",5811,6971
"48191",777,586
"48193",2517,1372
"48195",925,475
"48197",941,571
"48199",12969,9132
"48201",649936,861740
"48203",14015,13754
"48205",514,328
"48207",1456,935
"48209",42348,26714
"48211",682,255
"48213",22409,16161
"48215",122876,250396
"48217",9708,6128
"48219",4240,4124
"48221",20666,7736
"48223",8635,5073
"48225",5932,4120
"48227",5245,4990
"48229",964,796
"48231",20689,17990
"48233",4299,2250
"48235",396,73
"48237",1821,1178
"48239",3414,2467
"48241",9025,6822
"48243",710,302
"48245",45952,47545
"48247",986,1547
"48249",8737,9611
"48251",37360,21625
"48253",3507,2255
"48255",3002,2082
"48257",27122,20019
"48259",14536,4450
"48261",53,35
"48263",223,59
"48265",17893,6416
"48267",1345,668
"48269",37,26
"48271",925,495
"48273",5351,7112
"48275",876,641
"48277",11931,10616
"48279",2676,2649
"48281",6227,3842
"48283",1178,890
"48285",5983,2214
"48287",4103,2834
"48289",5672,2290
"48291",16931,17391
"48293",5475,4993
"48295",666,394
"48297",2535,1436
"48299",9026,2952
"48301",16,16
"48303",53544,49983
"48305",1110,1038
"48307",2287,1427
"48309",49766,45809
"48311",191,135
"48313",2610,1869
"48315",2998,1957
"48317",819,883
"48319",1406,198
"48321",8146,7299
"48323",11376,16366
"48325",11512,9224
"48327",722,454
"48329",21720,19620
"48331",6525,4082
"48333",1503,525
"48335",1566,1657
"48337",5937,3610
"48339",118401,70057
"48341",2721,3033
"48343",3563,2519
"48345",355,260
"48347",12767,12327
"48349",11354,10261
"48351",2959,2217
"48353",3318,3036
"48355",66669,70423
"48357",1395,1435
"48359",455,209
"48361",17150,13949
"48363",7033,6278
"48365",5558,4165
"48367",33069,13733
"48369",1508,1221
"48371",2451,2541
"48373",18797,9789
"48375",20247,21970
"48377",1783,1900
"48379",3571,1563
"48381",26891,14638
"48383",486,378
"48385",1367,758
"48387",3621,2344
"48389",2129,2569
"48391",1864,1426
"48393",190,42
"48395",4318,3124
"48397",20963,8961
"48399",2676,1774
"48401",10651,8910
"48403",3625,1951
"48405",2470,1985
"48407",6756,5521
"48409",14481,14121
"48411",1584,995
"48413",645,183
"48415",3114,2395
"48417",821,393
"48419",5456,4927
"48421",384,380
"48423",52119,39389
"48425",2405,1098
"48427",10365,22841
"48429",2134,1900
"48431",253,147
"48433",402,278
"48435",842,663
"48437",1439,1365
"48439",317742,303741
"48441",28110,23078
"48443",238,42
"48445",2067,3190
"48447",388,164
"48449",5823,6927
"48451",24361,16781
"48453",157523,145039
"48455",4683,2756
"48457",5366,3838
"48459",9721,7887
"48461",657,371
"48463",5688,5984
"48465",8960,9223
"48467",14393,9867
"48469",19689,15692
"48471",12461,9122
"48473",8624,7359
"48475",1918,1692
"48477",10182,5005
"48479",38441,70348
"48481",9326,7193
"48483",1184,860
"48485",26816,22126
"48487",2835,3396
"48489",3701,6172
"48491",102754,52005
"48493",11209,5869
"48495",1096,771
"48497",15076,9107
"48499",16590,7217
"48501",1326,1072
"48503",4659,3080
"48505",2168,4803
"48507",2116,4141
"48999",,
"49001",1495,475
"49003",9988,6146
"49005",17244,16413
"49007",4891,3990
"49009",283,46
"49011",48512,30922
"49013",3781,3277
"49015",2284,1712
"49017",1334,311
"49019",2274,1684
"49021",10938,9290
"49023",1962,1473
"49025",2293,567
"49027",2746,1730
"49029",1947,505
"49031",469,291
"49033",519,240
"49035",164023,115949
"49037",2498,3862
"49039",5572,4308
"49041",4710,3609
"49043",8306,1916
"49045",9972,7824
"49047",5427,6183
"49049",70383,64533
"49051",5819,2065
"49053",47267,21744
"49055",714,330
"49057",42009,30104
"49999",,
"50001",9946,
"50003",10956,
"50005",8359,
"50007",35663,
"50009",2022,
"50011",11554,
"50013",2437,
"50015",6231,
"50017",8399,
"50019",8137,
"50021",18362,
"50023",15537,
"50025",13259,
"50027",17203,
"50999",,
"51001",10221,7200
"51003",24812,9433
"51005",4075,2280
"51007",3557,2052
"51009",8513,5550
"51011",4436,3366
"51013",27976,13022
"51015",18748,9863
"51017",1430,1044
"51019",22724,10010
"51021",1831,818
"51023",9501,2924
"51025",4329,3565
"51027",6597,5611
"51029",3794,3390
"51031",12995,9334
"51033",6880,4721
"51035",8384,6570
"51036",1996,1129
"51037",3515,3188
"51041",74737,47189
"51043",4231,1101
"51045",1371,1244
"51047",11597,8519
"51049",2271,1710
"51051",4610,4235
"51053",5799,5028
"51057",3359,2349
"51059",181062,96944
"51061",14971,6207
"51063",4492,1747
"51065",7353,3083
"51067",16098,10662
"51069",20655,12365
"51071",4670,2109
"51073",10454,5633
"51075",7859,1865
"51077",4510,3251
"51079",4898,3195
"51081",2538,2681
"51083",10239,8137
"51085",26141,9786
"51087",66694,46273
"51089",13652,13753
"51091",924,461
"51093",10213,4538
"51095",26550,7103
"51097",1973,1455
"51099",4965,3051
"51101",4198,2365
"51103",4925,2164
"51105",6328,6772
"51107",52756,26935
"51109",10071,6996
"51111",3046,2561
"51113",3771,2345
"51115",3140,1299
"51117",10006,6477
"51119",4141,1818
"51121",15440,9166
"51125",5449,2803
"51127",6806,1290
"51131",4356,2670
"51133",5037,2070
"51135",3851,2921
"51137",10960,5659
"51139",6599,4508
"51141",5687,3915
"51143",16164,13768
"51145",7381,2567
"51147",5380,3857
"51149",6533,5863
"51153",64050,55857
"51155",9086,5721
"51157",2150,1264
"51159",2185,1361
"51161",25269,11012
"51163",6162,3834
"51165",19078,11399
"51167",8032,7215
"51169",6687,5212
"51171",11844,8998
"51173",8524,7507
"51175",4139,3584
"51177",26931,19511
"51179",22944,14218
"51181",1934,1001
"51183",2635,2491
"51185",11790,8794
"51187",9675,6848
"51191",15950,10268
"51193",5852,4067
"51195",10706,10127
"51197",8561,5867
"51199",13745,4584
"51510",20734,16377
"51520",4391,4123
"51530",1637,1409
"51540",7592,6246
"51550",47056,30008
"51570",4688,3518
"51580",2154,954
"51590",12400,13912
"51595",1292,2381
"51600",5970,1815
"51610",2803,505
"51620",2678,2835
"51630",4945,4326
"51640",2594,1952
"51650",28052,27745
"51660",7522,9233
"51670",5167,8357
"51678",2208,672
"51680",17277,16845
"51683",5750,6436
"51685",1065,3224
"51690",5490,4417
"51700",32553,39013
"51710",37642,46925
"51720",1213,1205
"51730",9352,10104
"51735",2929,989
"51740",18953,24380
"51750",2713,1972
"51760",35590,51419
"51770",22072,26277
"51775",7271,3116
"51790",7606,4723
"51800",20357,15071
"51810",86249,49329
"51820",6266,5241
"51830",2301,1286
"51840",5951,5313
"51999",,
"53001",2914,7742
"53003",6920,6235
"53005",41167,48029
"53007",19957,19826
"53009",29489,18361
"53011",105886,102912
"53013",1353,946
"53015",28983,30041
"53017",9340,11122
"53019",2480,2455
"53021",12545,32227
"53023",745,617
"53025",18083,32894
"53027",22560,21049
"53029",26953,12508
"53031",15189,6539
"53033",360943,342073
"53035",65689,45613
"53037",10631,7704
"53039",7069,5704
"53041",23095,21786
"53043",3718,2605
"53045",19860,17075
"53047",12131,14003
"53049",9225,6340
"53051",4599,4101
"53053",172911,184395
"53055",6743,2930
"53057",35599,28399
"53059",2944,2470
"53061",149430,134501
"53063",121061,139242
"53065",14409,13624
"53067",69484,55559
"53069",1739,1193
"53071",14786,15025
"53073",53396,46670
"53075",7021,7936
"53077",46433,91160
"53999",,
"54001",4152,
"54003",26384,
"54005",5767,
"54007",3686,
"54009",5962,
"54011",20764,
"54013",2065,
"54015",2553,
"54017",1626,
"54019",11430,
"54021",1529,
"54023",3325,
"54025",9939,
"54027",6546,
"54029",8309,
"54031",3795,
"54033",16642,
"54035",7609,
"54037",13022,
"54039",47410,
"54041",4423,
"54043",5293,
"54045",8620,
"54047",5180,
"54049",13978,
"54051",7820,
"54053",6695,
"54055",16153,
"54057",7388,
"54059",6523,
"54061",16191,
"54063",3887,
"54065",5175,
"54067",7408,
"54069",11097,
"54071",2261,
"54073",1859,
"54075",2582,
"54077",8451,
"54079",13594,
"54081",19580,
"54083",7443,
"54085",2790,
"54087",3919,
"54089",3594,
"54091",3997,
"54093",2100,
"54095",2218,
"54097",6226,
"54099",10492,
"54101",2505,
"54103",4099,
"54105",1676,
"54107",22814,
"54109",5648,
"54999",,
"55001",7308,
"55003",4442,
"55005",13469,
"55007",5803,
"55009",56140,
"55011",3679,
"55013",6143,
"55015",9071,
"55017",16257,
"55019",7661,
"55021",15048,
"55023",4661,
"55025",103850,
"55027",21170,
"55029",11199,
"55031",11414,
"55033",10322,
"55035",22574,
"55037",1703,
"55039",24278,
"55041",2906,
"55043",12228,
"55045",9433,
"55047",5727,
"55049",6142,
"55051",2258,
"55053",5042,
"55055",19120,
"55057",7392,
"55059",33478,
"55061",5337,
"55063",26488,
"55065",3958,
"55067",6192,
"55069",8611,
"55071",22175,
"55073",31440,
"55075",13875,
"55077",5364,
"55078",942,
"55079",164559,
"55081",10439,
"55083",10730,
"55085",13473,
"55087",41718,
"55089",24237,
"55091",2288,
"55093",9405,
"55095",12821,
"55097",16089,
"55099",5005,
"55101",46086,
"55103",4677,
"55105",37344,
"55107",4468,
"55109",19064,
"55111",15983,
"55113",6344,
"55115",10536,
"55117",28934,
"55119",4935,
"55121",7189,
"55123",7825,
"55125",9373,
"55127",25179,
"55129",6403,
"55131",33842,
"55133",103659,
"55135",15408,
"55137",7437,
"55139",37475,
"55141",20707,
"55999",,
"56001",6150,
"56003",3105,
"56005",7864,
"56007",3232,
"56009",3117,
"56011",2099,
"56013",9529,
"56015",3473,
"56017",1581,
"56019",2736,
"56021",21976,
"56023",4738,
"56025",17048,
"56027",675,
"56029",9142,
"56031",2660,
"56033",8835,
"56035",2099,
"56037",7626,
"56039",4383,
"56041",4381,
"56043",2172,
"56045",1937,
"56999",,
"72001",3943,
"72003",9674,
"72005",13458,
"72007",5759,
"72009",6693,
"72011",6580,
"72013",23420,
"72015",4301,
"72017",5551,
"72019",5864,
"72021",43874,
"72023",10907,
"72025",30876,
"72027",8047,
"72029",9665,
"72031",35092,
"72033",4521,
"72035",12086,
"72037",2733,
"72039",4872,
"72041",9210,
"72043",8169,
"72045",3911,
"72047",7559,
"72049",358,
"72051",7516,
"72053",7315,
"72054",3744,
"72055",3809,
"72057",8491,
"72059",5346,
"72061",19914,
"72063",8227,
"72065",8421,
"72067",4429,
"72069",14179,
"72071",10209,
"72073",3480,
"72075",9487,
"72077",8373,
"72079",5657,
"72081",7380,
"72083",2089,
"72085",8535,
"72087",3902,
"72089",4128,
"72091",10133,
"72093",1178,
"72095",3129,
"72097",19298,
"72099",8813,
"72101",6688,
"72103",5299,
"72105",6537,
"72107",5146,
"72109",4852,
"72111",4943,
"72113",34630,
"72115",6380,
"72117",3863,
"72119",10362,
"72121",5928,
"72123",6621,
"72125",7645,
"72127",76439,
"72129",8878,
"72131",11008,
"72133",4349,
"72135",12700,
"72137",16945,
"72139",11965,
"72141",7146,
"72143",8569,
"72145",12418,
"72147",1662,
"72149",5513,
"72151",9154,
"72153",9230,
"72999",,
"78010",10076,
"78020",950,
"78030",9880,
"78999",,
